Vertices, processes, computation time (sec)
6, 2,0.000331
6, 6, 0.001402
8, 2, 0.000245
8, 6, 0.017764
10, 4, 0.000643
10, 8, 0.001590
30, 2, 0.000326 
30, 4, 0.000628

